{
  "AWS-US-EAST-1": {
    "avg_reward": -712.7607612056695,
    "avg_cost": 21.985214254086653,
    "avg_energy": 1099.260712704333
  },
  "AWS-EU-WEST-1": {
    "avg_reward": -710.1727603586442,
    "avg_cost": 6.587340721964656,
    "avg_energy": 1014.0562166349248
  }
}